"","baseMean","log2FoldChange","lfcSE","stat","pvalue","padj"
"RNU4-2",2796.56704296043,10.9509234978333,1.05215204192232,10.4081188473727,2.27676055279091e-25,4.14803005112976e-21
"SNORA73B",1396.51918100497,7.61284682786015,0.777130267239117,9.7961013086082,1.17015198051621e-22,1.06594994665124e-18
"RNU4-1",821.814240156845,10.7164935844831,1.11702815041576,9.59375426706512,8.49368988065287e-22,5.15821786452049e-18
"RNY3",48.7941774834398,25.0691495014699,2.71787067327423,9.22381986309489,2.86700489152279e-20,1.30584905296634e-16
"SNORA12",155.488373983979,8.00292469099137,0.947253554635205,8.44855598781401,2.94927815750054e-17,1.07465797503005e-13
"SNORA53",223.676871142176,6.64321524948772,0.80325493705874,8.27036964604665,1.3354431489568e-16,4.05507312180732e-13
"SNORD15B",124.911031735701,6.09020878021166,0.776369291677151,7.84447407374304,4.34771706839991e-15,1.13158653241683e-11
"RNU1-11P",6.46605983299648,22.2459230736926,2.93973046356277,7.56733426735046,3.80960728906121e-14,8.67590439992578e-11
"SNORA23",243.174893466602,8.04458632041707,1.07140157102035,7.50846978202189,5.98224913267757e-14,1.21100663275836e-10
"SNORA22",96.5248363049958,6.97130986289345,0.971131778506267,7.1785415915606,7.0458957263895e-13,1.2836917423909e-09
"SNORA38B",22.4696802696086,5.79823660991555,0.824504951288188,7.03238543426151,2.03032001906599e-12,3.36276367521484e-09
"ZNF460",301.163135305467,3.58831821054762,0.5111924222259,7.01950587397774,2.22654256094553e-12,3.38044824315555e-09
"SNORA20",39.2172733680787,6.66894596197818,0.965014528403749,6.91072078780971,4.82197309302592e-12,6.75780982937226e-09
"SNORD94",67.9379108889087,3.98107254016387,0.590122914163882,6.74617515200959,1.5179336623949e-11,1.97537381394091e-08
"ZBTB20",247.351132064052,3.68559576664499,0.549498062835607,6.70720429408976,1.98388432688483e-11,2.40962590343431e-08
"SNORA74B",75.958200030077,8.34553520405163,1.28996801422905,6.46956754895924,9.82837876403662e-11,1.1191452043874e-07
"SNORA71D",176.633490153675,8.13042323390401,1.27496763314193,6.37696442055401,1.80632403270061e-10,1.93584809128073e-07
"SNORA54_59",128.044920263881,9.3886729550517,1.49578266727744,6.27676276804339,3.45694921767456e-10,3.4990087664896e-07
"RNVU1-7",48.0254631603211,7.89688206118104,1.28502250846501,6.14532586718194,7.97995148972975e-10,7.65193348375718e-07
"SNORA49",116.417017940555,9.56252148609509,1.57281433169653,6.07987941957546,1.20272959261584e-09,1.0720550779186e-06
"H4C3",25.0228636430159,4.24576921477554,0.698829708096159,6.0755419604905,1.23569661541745e-09,1.0720550779186e-06
"SNORA74A",148.336127553859,8.62409149756574,1.42270011373278,6.0617774711063,1.34625391934487e-09,1.11488182529746e-06
"RN7SKP80",45.7212735159327,3.71969707257515,0.614742320605243,6.05082316264306,1.44107568209801e-09,1.14151990661494e-06
"SNORA14B",26.5311025401101,3.99687770308329,0.669158325220661,5.97299256758898,2.32940516438241e-09,1.7683096954118e-06
"SNORA5A",30.8227648233782,3.20969640633205,0.545218466431512,5.88699136942243,3.9328924313997e-09,2.86613468830684e-06
"SNORA46",21.8395314407881,5.60746424057856,0.956722939776885,5.86111611569204,4.59766323600222e-09,3.22172409602786e-06
"SNORA80B",23.4353801857311,4.77873731659868,0.821937922784137,5.81398811775437,6.10017461419783e-09,4.11626227022482e-06
"DYDC2",16.8732168396195,3.77556901486902,0.652475708121671,5.78652809272857,7.18560744505416e-09,4.67552078719435e-06
"SNORA26",45.9571892787489,3.08610478366081,0.546142475009705,5.65073204314675,1.59765975651128e-08,1.00371596909928e-05
"RNY1",366.675521998285,9.4024170153714,1.66856303906939,5.63503853028856,1.7501920174893e-08,1.06289161222125e-05
"RPA4",15.1531111539024,2.88500026422075,0.514128089751953,5.61144259908586,2.00646845583051e-08,1.17922092892826e-05
"MEGF11",52.6262118903851,2.6694283958194,0.479674866649312,5.56507872606761,2.62034084001824e-08,1.49187468013414e-05
"ZNF750",31.130568143144,3.02824523955951,0.550900051179689,5.49690498861793,3.86514808359335e-08,2.13391311924204e-05
"RN7SKP185",11.2837401940893,6.05908050775222,1.10944299123712,5.46137165731775,4.72469755166895e-08,2.53174307923108e-05
"SNORA7B",40.4308698990425,6.13091980886925,1.12544203159964,5.44756605558363,5.10637538498979e-08,2.65808723254654e-05
"SNORA22C",44.8938497773344,7.47468332392762,1.37546322399273,5.43430256334292,5.50111694930599e-08,2.78402360276127e-05
"RNU5E-1",65.5563516223762,7.78773382300468,1.44911232840741,5.37414089324842,7.69486734026906e-08,3.788994272226e-05
"GJB7",19.1959537989531,3.71614113291692,0.699106860114111,5.31555523902362,1.06332585175186e-07,5.09808781396506e-05
"CCN6",57.6365841968785,2.78995429232016,0.525749091429235,5.30662694011651,1.11672401071025e-07,5.21681916695642e-05
"SNORA37",17.6400323799434,6.06762203773795,1.14666670818923,5.29153065525002,1.21296853251566e-07,5.52476842347568e-05
"H1-4",50.7195791018346,3.27745305955172,0.62501057732647,5.2438361500557,1.57271875867331e-07,6.98862513762659e-05
"SNORA80D",13.5737847096397,3.81283891600252,0.729502236268746,5.22663088122171,1.72626636732584e-07,7.48829689197845e-05
"SNORD89",17.6938660871742,2.42038770053753,0.465143615236085,5.2035277304818,1.95540558423563e-07,8.28500798585791e-05
"RNU5B-1",288.084040830783,11.7648744388578,2.26357217325246,5.19748147546504,2.02006663240187e-07,8.36445317630221e-05
"ANKRD36",255.643572883586,2.28529343924058,0.440746147281706,5.1850559632457,2.1595001013372e-07,8.74309607694723e-05
"NEB",134.740602981368,2.27500028045184,0.439458206182942,5.17682966990673,2.25688084213641e-07,8.93872001367026e-05
"SNORD9",9.29551476319863,3.85988664884708,0.746450901492951,5.17098531347078,2.32862870656133e-07,9.02665668188103e-05
"CLDN10",95.5386528387873,3.61490601104092,0.703499081576388,5.1384658569002,2.76990507956306e-07,0.000105135209676165
"POU6F2",68.213400572115,3.61039921183608,0.712582285421563,5.06664182607371,4.04895106176491e-07,0.000150546611008765
"MT-TV",10.5206943981035,3.3575525334087,0.668968602254262,5.01899868259072,5.19415060343123e-07,0.000188502851499566
"RN7SKP237",11.7521212251482,5.43405606466896,1.08335144510397,5.01596789225445,5.27671410421969e-07,0.000188502851499566
"TMPRSS5",45.7508572715066,2.26519137880927,0.456227391618446,4.96504905322234,6.868370759024e-07,0.00024064393626665
"SNORD67",10.8205318839778,3.98226960948435,0.808882843505523,4.92317230048551,8.51524153105474e-07,0.000292715444253371
"SNORA71C",46.8516462186362,2.97051943812677,0.605083689475641,4.90927038654933,9.14158646844091e-07,0.000308426970126898
"SNORA80E",7.84553540546422,3.46363437565852,0.710766287024277,4.87309884963666,1.09861217759543e-06,0.00035908405372803
"SNORA2A",13.5201985776738,2.71798680252915,0.55785817524938,4.8721824347454,1.10372177445358e-06,0.00035908405372803
"H4-16",113.31617937124,1.98048249279415,0.40787802490995,4.85557537264085,1.20037683765319e-06,0.00038367834395094
"FBXL13",41.8895569046131,1.87400894328827,0.387696853797223,4.83369654649927,1.34020830139454e-06,0.000415509514342112
"STYXL2",274.42383913726,3.63106227750818,0.751321458689253,4.83290106453619,1.34557666975051e-06,0.000415509514342112
"MIR374B",6.51895659940011,3.68766432647593,0.770455238530467,4.7863446726764,1.69846274053897e-06,0.000515738211164657
"SNORA14A",14.8123304585185,7.85134415510405,1.6582100317604,4.73483093499853,2.19237773408319e-06,0.000654802130119044
"RNU5A-1",57.3747556678452,7.24606268429711,1.55010122605319,4.67457386815102,2.94564600999838e-06,0.00086559233316388
"SNORA65",29.8155295754644,2.16508821989335,0.463574862730084,4.6704176476324,3.00587971189095e-06,0.000869271785253034
"ZNF724",98.4848988683354,1.78800423218136,0.384342504905094,4.65211161753466,3.28553147631599e-06,0.000935298405734391
"HORMAD1",21.1904441437724,2.16983983074767,0.4691098593288,4.62544068856763,3.73802765671421e-06,0.0010477403981181
"PRH2_116",5.481359179423,2.58029600430896,0.55823266772316,4.62225905702206,3.79583571068442e-06,0.00104782319413575
"ZNF124",588.832597418634,1.53535086996437,0.332948672237259,4.61137405849236,4.00015981696448e-06,0.00108774495082501
"RNU1-67P",19.4697032729475,4.60434403039138,1.00853344470474,4.56538556511563,4.9857711628434e-06,0.00132891234452365
"SNORA63C",5.08156508532203,5.2595047550134,1.15253819407947,4.56341037722759,5.03293000560578e-06,0.00132891234452365
"ST8SIA6-AS1",44.9487756611307,3.6911994596817,0.814493750619447,4.53189414513546,5.84571428513384e-06,0.00152147240801219
"IGHG4",7708.06498787333,-2.51698501334118,0.558789859197353,-4.50434984084461,6.6576453211915e-06,0.0017083892972787
"RN7SKP203",46.8166256580259,10.3456546434399,2.30946110738104,4.47968342500994,7.47538271990075e-06,0.00189158330241488
"SNORA38_33",29.6791984851684,6.55020225888143,1.46469214018241,4.47206759644774,7.74669302313323e-06,0.00191705434753564
"H1-3",26.8239942661812,2.59512552037458,0.580438771752953,4.47097204161118,7.78648782686413e-06,0.00191705434753564
"CCDC83",8.72388912251524,4.08487519136231,0.924172491648123,4.42003546770533,9.86847031626773e-06,0.00239724880922776
"IGHV1-58",284.819500250661,-2.48114738250547,0.561939485775146,-4.41532842114299,1.00856749826754e-05,0.00241777516459687
"RN7SKP230",6.95451800107973,4.39214131939114,1.00093471146515,4.38803976831016,1.14376865133733e-05,0.00270074901762189
"TSPEAR-AS2",41.529070272451,2.36510917875783,0.539280313419393,4.38567683615499,1.15625678343766e-05,0.00270074901762189
"C9orf50",15.2419394828754,1.88933257446462,0.431518985003667,4.37833013175205,1.19592100701406e-05,0.00275803605402394
"ZNF557",396.865385819755,0.6528994132667,0.150846821593132,4.32822784312764,1.50313926749206e-05,0.00342321178930472
"RNVU1-30",8.5557536617852,2.30410966120627,0.533226245452253,4.32107324209455,1.55272119298334e-05,0.00349247252036586
"SNORD46",13.3075566859119,1.95819618733106,0.453933142867047,4.31384272794683,1.60441101828513e-05,0.00356472735879717
"SNORD17",90.9061764306411,2.42956438035777,0.563625011212445,4.31060427061495,1.62809036286832e-05,0.00357375642422867
"DRD5",27.8823979789537,-3.07353365320481,0.715807439128217,-4.29379954048546,1.75641071727416e-05,0.00380952938785928
"RN7SKP255",87.4488790269206,12.0450657601801,2.82801731011387,4.25919095937043,2.05168141707905e-05,0.00438967483634161
"RNU5F-1",15.6133367334316,5.20225131119955,1.22205239973243,4.25697892523971,2.07207879645084e-05,0.00438967483634161
"DLEU1",529.1459383375,1.15131606751356,0.270985827118627,4.24862096942641,2.15090488578802e-05,0.00450429150737609
"MYO18B",25.929532356278,2.63587471937341,0.624991015322324,4.21746017902996,2.47069433735304e-05,0.00511517956048125
"SMG1P3",132.66406185803,1.41341527122623,0.335508137272564,4.21276003233859,2.52269033064986e-05,0.0051641455206865
"RNVU1-6",3.7364190364274,4.69080656790994,1.11473611551902,4.20799730322354,2.57643940827708e-05,0.0052155721754889
"SMG1P5",54.4052434883758,1.37832420217267,0.329095203343601,4.18822331097178,2.81146805573829e-05,0.00557328312286559
"SNORD8",8.64520025467882,5.09228527037089,1.21592506578881,4.18799267623238,2.81432596357448e-05,0.00557328312286559
"NOC2LP1",60.7519757300936,-1.55739533381601,0.372436267955616,-4.18164251930914,2.89410750906172e-05,0.00566964996855865
"SUCNR1",102.507626632561,1.42721255009665,0.341700870325079,4.17678933254945,2.95652608653425e-05,0.00573031369899654
"MUC15",6.67363663219458,4.85737443240985,1.1644226573742,4.17148739046639,3.02617805779951e-05,0.00580357242474202
"SNORA5C",32.43482929068,1.52941697382969,0.367266216775361,4.16432795604819,3.12270989533353e-05,0.00592631787323767
"NSA2P3",15.7973210520516,1.99106557806568,0.482038895571429,4.13050813193278,3.61962290395123e-05,0.00673397963370766
"SPAG17",10.8728476505329,2.31254215005644,0.559890926531233,4.13034403751395,3.62220760801005e-05,0.00673397963370766
"MAPRE3-AS1",7.64623162136611,2.57292889761202,0.62433998150011,4.12103817447348,3.77168916281949e-05,0.00694105099569781
"ANKRD36C",247.354280622345,2.10376316967585,0.510918984293931,4.11760618483019,3.82828155166197e-05,0.00697474615897295
"CFAP70",78.866106314722,1.4351118016448,0.350016537803133,4.10012569878048,4.12925794436949e-05,0.00744860895925422
"UPK1B",7.40719648216837,3.00685407316009,0.735813568311168,4.08643466586433,4.38052765798761e-05,0.00782439543145845
"WFDC13",8.37758656687037,2.25725991205503,0.553037553223239,4.08156715380205,4.47330484789578e-05,0.00791253796347701
"ANKRD36B",93.6147035951091,1.41471123619376,0.346942965610193,4.0776478453904,4.54936014444052e-05,0.00796969158380403
"H1-5",28.3213650915166,2.86735825513694,0.704952342375603,4.06744978742009,4.75304460312994e-05,0.00824721139280232
"CRIPT",821.063403540089,0.559152753063391,0.139193352546615,4.01709379674676,5.8920276678408e-05,0.0101270615170181
"RNVU1-1",8.73423103772773,2.3668729941661,0.589935226224073,4.0120896141691,6.01836438272453e-05,0.0102475309055008
"DEUP1",10.9507785506703,2.09627009142644,0.52330687702246,4.00581414743469,6.18042316357375e-05,0.0104260305201065
"IGHD",243.167705752728,-1.85109942539256,0.462866712800355,-3.99920619522056,6.35552914665029e-05,0.010623062892002
"DNAH14",241.824199980745,1.29267392974047,0.323555877803448,3.99521077631524,6.46367217270709e-05,0.0106697611223043
"FBXW12",5.81397935923981,1.90123890281013,0.476040316796374,3.99386109900305,6.50059544747671e-05,0.0106697611223043
"SNORA75",14.9078522615599,2.17263871226545,0.54447548737381,3.99033338074562,6.59804871417711e-05,0.0107330222788922
"ADAM32_84",264.415401866092,1.8276536056671,0.458983599121341,3.98195841674055,6.83497400023205e-05,0.0110200346292237
"PADI1_29",103.383249346079,1.90618606340349,0.480133618130681,3.97011579989942,7.18377087313666e-05,0.0114808001348839
"STK31",187.621761170329,2.21584898911948,0.559176785849,3.96269846173093,7.41073577219399e-05,0.0117405386985741
"DTD2",683.997736193353,0.577554214716733,0.147156610752913,3.92475887941243,8.68166521957961e-05,0.0135370676812359
"FSD1L",519.959437958173,1.06258150913019,0.270760326728303,3.92443576195137,8.69332520283552e-05,0.0135370676812359
"SNORA3B",5.41835012715706,1.95931926554241,0.499668846786898,3.92123559061514,8.80960795356653e-05,0.0136018853649177
"USP6",23.5649549776104,1.33778772317607,0.341833679815142,3.91356323899836,9.09440687108955e-05,0.0139236133432253
"KCNRG",24.5162204103117,1.32646665158992,0.339371009818061,3.90860330792852,9.2831249818506e-05,0.0140941045036947
"ITGB8",1278.35129914301,1.38836363666888,0.3555422386619,3.9049189820429,9.42569574093883e-05,0.0141350335624162
"ANKAR",122.657069554286,1.01848569134912,0.260888879310129,3.90390611528675,9.46525108191872e-05,0.0141350335624162
"CFAP161",9.41143497613422,1.77819210191012,0.456129925416024,3.89843332530371,9.68170502748075e-05,0.0142426898834966
"ZNF484",223.79674345062,0.904350916695438,0.231995871599489,3.89813366272604,9.69369090264877e-05,0.0142426898834966
"TRIM59",374.845782629174,0.880171840390594,0.226112333682346,3.89263082670715,9.91629930370539e-05,0.0144532045611367
"SNORD72",3.12505744943656,2.87160374191437,0.738143313429053,3.89030651591803,0.000100117678319928,0.0144765395342124
"SNORA60",12.4776966378934,1.65505881572008,0.42611642447898,3.88405309122677,0.000102729460376799,0.0147255475786479
"ATP1A1-AS1",133.179934660025,0.980712083814621,0.252694804277559,3.88101404228878,0.000104021833955305,0.0147255475786479
"MLLT3",2145.36428110032,0.636943356710971,0.164141736440339,3.88044729222468,0.000104264539088072,0.0147255475786479
"ZNF573",109.213207533094,1.28171826777953,0.330895698565399,3.87348120068175,0.000107291686490336,0.015036517201288
"NPSR1-AS1",37.1080033575507,3.50163676306505,0.90533519210707,3.86777935243561,0.000109830974862734,0.0152748895498026
"XKRX",371.615874351251,1.73579980201429,0.449649941854887,3.86033587562317,0.000113231274367285,0.0156284893007391
"ZNF852_256",153.450286426846,0.951483162677065,0.246968909284182,3.85264349846649,0.000116849456168405,0.0159132775569878
"RANBP17",261.144552731468,1.32244883090264,0.343293334695348,3.85224150092001,0.000117041505715812,0.0159132775569878
"SNORA80A",21.5244586153006,7.91222966499604,2.05758055627391,3.84540456550793,0.000120353700516699,0.0162424005163981
"VTRNA1-1",6.51115608366294,4.43983380690013,1.15705203217465,3.83719459751139,0.00012444785551385,0.0166340064885241
"SNORD70",2.84692808481563,3.88596794275851,1.01324041581566,3.83518845291056,0.000125468055107824,0.0166340064885241
"FAM217A",9.17094889656295,2.09720648894668,0.546979481476602,3.83415934229407,0.000125994450596428,0.0166340064885241
"TNFRSF11B",566.034249196142,1.40685049246115,0.367816273041946,3.82487289326842,0.000130839572586361,0.0171294301423726
"H2AC21",4.86228524914393,3.21928211387361,0.84199601033661,3.82339354860674,0.000131627433993752,0.0171294301423726
"IGHV1-3",66.9792219688923,-2.02320308037288,0.531027169163788,-3.80998035102203,0.000138977836746989,0.0178701993008086
"RN7SKP173",8.92052246357012,2.28462765596323,0.599727821108484,3.80944084224829,0.000139281426023098,0.0178701993008086
"POU2F2",391.126778079692,-1.04919565668955,0.275834337938632,-3.8037166240085,0.000142541231442372,0.0181605503192209
"CXCL10",1068.17150823551,1.78260377554992,0.469259148747297,3.79876190013266,0.000145420709822189,0.0183987493906282
"BAG4",1023.06505817614,0.689747186404254,0.182224792280577,3.78514458857075,0.000153619236635607,0.0193019922225112
"OLFML2A",1413.13667195974,-1.1736895326522,0.310750512183073,-3.77695124106743,0.000158759796493069,0.0198112652897755
"C12orf29",772.151951595303,0.653498928711416,0.173373427661492,3.76931423417065,0.000163696691162292,0.0202883674577265
"TMEM267",564.379624764082,0.557495611074923,0.148338690617203,3.75826164269964,0.000171097919961089,0.0208097219400077
"TIMD4",37.0304846605533,-1.74164204061515,0.463456682262247,-3.75793921475846,0.000171318483153346,0.0208097219400077
"ZNF525",548.591350902322,1.0214760530806,0.271819341173694,3.75792262857364,0.000171329836489443,0.0208097219400077
"ANKRD49",638.856712176706,0.466781781960451,0.124297205469265,3.75536827395426,0.000173086778079393,0.0208735451474854
"ACTR3C",221.108191585929,0.97195636507511,0.25892329226605,3.75383904850244,0.000174146707416311,0.0208735451474854
"POMK",122.670542370567,1.25816784266805,0.335669013788004,3.7482394590722,0.000178080195319944,0.0211230958694844
"RN7SKP269",3.61953966616762,1.92199088216052,0.512861598294617,3.74758197640763,0.00017854749239259,0.0211230958694844
"EPHB1",209.300131611855,-1.79598123822752,0.479609664351378,-3.74467274477548,0.000180629062408032,0.0211876429637085
"FOXI2",6.07554966426573,-1.36375773210271,0.364292689446325,-3.74357699622091,0.000181418974825101,0.0211876429637085
"ANKRD31",8.84427711082619,1.55401476655719,0.416171492849708,3.7340730762604,0.000188407788237202,0.0218637037827617
"DOCK8-AS1",29.391107275022,1.57682584306065,0.424115206291394,3.71791866848856,0.000200870913727092,0.0228759225556958
"KLHL11",124.983018921489,1.08627167428087,0.292182300184797,3.71778740051615,0.000200975288621046,0.0228759225556958
"OR7E12P",8.04576365854834,2.24581686115464,0.604375237445557,3.71593129898367,0.000202456592043208,0.0228759225556958
"ZNF121",1672.45623028677,1.12613677321329,0.303130393223075,3.71502428786334,0.000203184177500454,0.0228759225556958
"FOXN2",1210.02746417355,0.667782252770806,0.17983714162584,3.71326104682068,0.000204605647183159,0.0228759225556958
"SLC22A15",198.416603873758,1.04352643590377,0.281032422146291,3.71318877706063,0.000204664107611747,0.0228759225556958
"DLEU7",47.1829384566736,1.39447896192264,0.377589091449195,3.69311241638523,0.00022152603542907,0.0246096514602575
"EEF1A1P32",5.135398281022,3.73259551054198,1.01117825694832,3.69133284353516,0.000223081983391893,0.0246323070025267
"RGS20",6.47340500008339,1.54208811827958,0.418759502601725,3.682514924912,0.000230944342643109,0.0253468372205711
"C9orf72",733.322175382537,0.665607531965147,0.18104527831936,3.67646998664626,0.000236483663601227,0.0253641360247061
"ZNF765",625.945566163401,0.704143304530513,0.191537948357549,3.67626003394414,0.000236678277265056,0.0253641360247061
"RPL12P4",43.0258428694035,1.41268123138112,0.384379587798883,3.67522437773222,0.00023764046985642,0.0253641360247061
"PNMA8A",149.93726410908,-1.30751908978022,0.355778843604819,-3.67508949248411,0.000237766056899675,0.0253641360247061
"CFAP47",5.95429527422905,2.98383202206604,0.812206557632195,3.67373544823958,0.000239030216091934,0.0253641360247061
"BTBD8",28.5172855984519,1.05422075159907,0.287106347545023,3.67188242479992,0.000240770453539323,0.0253641360247061
"KLHL32",111.216329939067,1.38953183076915,0.378433319717147,3.67180097092858,0.000240847221706688,0.0253641360247061
"SHOX2",15.3107633753735,1.27134725190094,0.346583981700801,3.66822276569744,0.000244242339186338,0.025573857342735
"RAPGEF1",4067.9408372542,-0.379505106648889,0.103627190818012,-3.66221552136222,0.000250043355142789,0.0260316564991227
"TVP23C",94.8843603501114,1.05839262496385,0.289420276265226,3.65694013778749,0.000255243958989447,0.0264221005047087
"ANKFN1",33.6012067898457,1.59657158289805,0.437769387364339,3.64706082467407,0.000265257150010653,0.0273035029155033
"SPATA21",3.00189528545279,2.40637033863137,0.661528221158687,3.63759286703829,0.000275197980163263,0.0281508042536943
"PRAMENP",36.0373243135965,-2.59880431434215,0.714683118853336,-3.63630292333163,0.00027657906369237,0.0281508042536943
"S100A1",75.3120699090495,-1.09854121414591,0.302282034799075,-3.63415978351511,0.000278887994873377,0.0282281132144336
"MIR421",5.01112084051438,2.40350558760443,0.662267809711312,3.62920491130641,0.000284295508700968,0.0286164633868671
"TYW5",502.452305510796,0.736978394085142,0.20329046451799,3.62524821728628,0.000288684039122453,0.0288985412569889
"ZNF620",184.790934297592,0.533849024416856,0.14732610753205,3.62358738284537,0.000290544981990883,0.0289258963218136
"SH3TC2",438.026122593725,1.60415850192776,0.442954069872581,3.6215007627974,0.000292898941718927,0.0290017707563975
"COL6A6",17.5246067335798,1.9400132937783,0.536521268565126,3.61591125542269,0.000299292904554302,0.0292371273188161
"MIRLET7BHG",111.545714840928,1.18992003454637,0.329090868839434,3.61577955275003,0.000299445126837804,0.0292371273188161
"LINC00970",5.54938510170493,2.43381981674105,0.673214455825636,3.6152221564467,0.000300090170076218,0.0292371273188161
"TTC5",699.21955230667,0.539023462511792,0.14920632409608,3.61260466523318,0.000303136685963462,0.0293768472423846
"TSGA10",200.651163905099,0.663498619068424,0.184093038811836,3.60414833364011,0.000313178168057933,0.0299597033795252
"PGF",522.164932421361,1.37005243826244,0.380234612882543,3.60317654375578,0.000314351863472951,0.0299597033795252
"ZNF805",125.250207925059,1.06012925654661,0.294330389187214,3.60183418190057,0.000315979897261515,0.0299597033795252
"KANSL2",1137.8957522229,0.464047735090307,0.128861594899227,3.60113294774293,0.000316833498458908,0.0299597033795252
"SNORA33",38.4962173661542,1.33464356689925,0.370663231392607,3.60069047551574,0.000317373223132354,0.0299597033795252
"PDSS1P1",2.92492400434058,3.52706172885829,0.980032679270422,3.59892257009632,0.000319538303430224,0.0300085997432745
"ZNF131",1157.17782396623,0.393183387795594,0.109685524550469,3.58464245311312,0.000337540294841194,0.0315366493933934
"YAF2",712.160883156035,0.703681600165927,0.196534834945352,3.58044211532063,0.000343013327973342,0.031884488889522
"PKP1",515.994276560922,1.89845909600861,0.530636720792962,3.5777001885049,0.000346630720107413,0.0320571831961267
"IGHV3-20",121.24197343075,-1.76849928632656,0.495271335249086,-3.57076850699856,0.000355935370702674,0.0327255487975278
"CCL24",1449.40330545746,1.48062489052365,0.414780819739772,3.56965611730208,0.000357450146040289,0.0327255487975278
"OPA3",1324.77272738226,-0.289692975023047,0.0813169739501987,-3.56251543743456,0.000367318301229641,0.0334608606505142
"PSMA8",2.03103223655733,-2.03012418280849,0.570301481042907,-3.55973857738544,0.000371224152321075,0.033648422045461
"SNORA2B",3.6700444573135,3.31151247448209,0.931448509699681,3.55522870024215,0.000377650451363832,0.0340614533336517
"CRYM-AS1",25.8031772507845,1.19611559604476,0.337539091687568,3.54363576101551,0.000394650063362097,0.0354193571645027
"TTC29",3.0314140125551,-2.97849591924719,0.841317061685364,-3.54027756584483,0.000399706411580296,0.0356973093753991
"ST7L",444.450527340566,0.511474357410319,0.144611674556487,3.53688150682835,0.000404881272907181,0.035947739621725
"DPY19L4",1494.00056694672,0.536902186845103,0.151845051466492,3.53585567431931,0.000406456685991292,0.035947739621725
"PUS7L",1447.6319829177,0.952665872646928,0.269752609971559,3.53162800814929,0.000413009908330114,0.0363508575838954
"TBPL1",797.493917246268,0.407863080017953,0.115579706564202,3.52884682045279,0.000417374643802074,0.0365584069011057
"ZNF708",362.958615214279,0.911139145365449,0.258546301673986,3.52408500708067,0.000424947894294216,0.0370436635700781
"C1orf195",2.65280658977959,1.97636156081615,0.561415929942023,3.52031614247257,0.000431032707469908,0.0373951661780679
"TCN1",337.975539082269,2.74519537833006,0.780370971034672,3.51780817101677,0.000435126787027312,0.0375714451793867
"TTC32",232.275716839206,0.517072529613074,0.147157765245664,3.51372915149859,0.000441863107203388,0.037973131840276
"RN7SKP180",4.40199080567268,4.28474663196276,1.22400333866225,3.50060044496749,0.000464211262709723,0.0397064084286781
"PRB2",2.94013741881854,3.26620598799287,0.933511482853528,3.49883857669199,0.000467289391325766,0.0397829225260007
"CYP4X1",207.070844935615,1.43599668480132,0.410758625949261,3.49596233428511,0.000472355371040245,0.0400271744417778
"DHRS2",66.9590829106534,1.52700905455451,0.437004369207194,3.49426495969545,0.000475368979752407,0.0400960529727273
"CHRNG",8.04292102672232,1.91283957688971,0.547720605485701,3.49236373021508,0.000478765813778993,0.040196471710781
"CDKL4",4.08217655883109,2.30501757052481,0.661038399502058,3.48696470925307,0.000488535818535332,0.0408285966875927
"NPC1L1",51.5536652226909,-1.44606275344558,0.414911120805899,-3.48523498390891,0.000491705027066002,0.0408938650194213
"RNU6-216P",4.15111596451476,2.10160954587296,0.603289789585669,3.4835821559591,0.000494751246778023,0.0408938650194213
"RFX3",568.220150758349,0.821952198344771,0.235997846138951,3.48288008468019,0.000496050506026242,0.0408938650194213
"ZNF195",1058.95825322549,0.563151157160167,0.16186072066087,3.47923297796307,0.000502851215723261,0.0412677761228022
"SNORA40B",8.95684592038435,6.21266743866328,1.78712865759956,3.47634033635162,0.000508306790142637,0.0413603664864829
"NDST1",3513.93509439691,-0.467577489311129,0.134507141379156,-3.47622798698172,0.000508519792138547,0.0413603664864829
"IRAG2",442.058226633812,-1.27122111688371,0.366103978505739,-3.47229528089869,0.00051602841345745,0.0415236692262554
"SARNP",88.7588753905437,0.817052714298097,0.235320136480463,3.47209009189884,0.000516422998396377,0.0415236692262554
"MOSPD1",659.280295074707,0.74005744658821,0.213174694543284,3.47160083036002,0.000517364998867116,0.0415236692262554
"LYNX1",421.387302678934,-1.47504744618882,0.425135914382766,-3.46959030344536,0.000521252808125812,0.0416522145230007
"BIRC7",20.2054488148929,1.56612596237085,0.452145309435384,3.46376691229319,0.000532667850288151,0.0421057860233969
"POC1B",2165.93545536298,0.692791657481553,0.200025150556225,3.46352273979075,0.000533151529144178,0.0421057860233969
"C17orf77",75.4882218734213,2.35189740475881,0.679118051669227,3.46316431874841,0.00053386226309922,0.0421057860233969
"TSPAN18",1167.76012808441,-1.19587225089257,0.345858843674654,-3.45768880213315,0.000544830332568002,0.0424358049948197
"GLULP4",1.80737418585083,-1.93058537200752,0.55836081314993,-3.45759467093748,0.000545020710316629,0.0424358049948197
"ZNF749",171.047225494081,0.809470953297465,0.234114346346095,3.45758799463239,0.000545034215313014,0.0424358049948197
"ZNF81",411.743582556892,0.995387901739835,0.288096025389129,3.4550560022318,0.000550178531616462,0.0426540539043418
"RNVU1-15",2.97277002697216,2.74094358278542,0.793811443206041,3.45288998570658,0.000554615144047945,0.0428158191076674
"FANCB",115.768425441985,1.33379302835328,0.386598185305105,3.45007576096262,0.000560429251809959,0.0430821119777453
"PTGS1",3228.65273501686,-1.43595077595582,0.416519253553096,-3.44750155894719,0.000565797141838148,0.0431381361796812
"NOS1",160.754263133762,-2.03655268731745,0.590740813489234,-3.44745553517536,0.000565893547776706,0.0431381361796812
"CLEC12A",73.7370757348119,1.13086754523445,0.328231534859219,3.44533484791304,0.000570352377211486,0.0432968748350669
"TAS2R13_68",1.94206393982783,3.18943130704295,0.926320957788526,3.44311685947095,0.000575050772231466,0.0433357565462155
"IFITM5",4.9993875622621,3.19340730628718,0.927646346584759,3.44248356935171,0.000576398878457271,0.0433357565462155
"RBM48",517.840471740145,0.337622360979314,0.0980966151335142,3.44173303553638,0.000578000375472329,0.0433357565462155
"PTPN4",858.206057011941,0.756929368768086,0.220514361581286,3.43256268362851,0.000597905650532569,0.0444337117026902
"METTL6",325.536606943484,0.379330124927562,0.110515726299784,3.43236331722232,0.000598345400886484,0.0444337117026902
"PPBP",41.4067349523421,-2.05329497442955,0.598343589260105,-3.43163194406178,0.000599961198686085,0.0444337117026902
"C2orf49",957.082946794463,0.453726162636193,0.132310049698125,3.42926454695923,0.000605219299717858,0.0446416616257476
"SNHG29",16644.0792826141,0.872531720453347,0.254871104196666,3.42342347204678,0.000618376608411566,0.0452789554964452
"MFSD14C",121.812783910553,0.631342795867332,0.184429277963869,3.42322435373312,0.000618829788606118,0.0452789554964452
"FOXF1",1374.3246210735,-0.930893007721208,0.272480296294718,-3.41636815718353,0.000634623857903113,0.0462488482685473
"APOC1",792.730198542697,1.18490828311717,0.347078059770405,3.41395328734117,0.000640275524802309,0.0464748198660289
"DGKH",1772.8976114987,1.07119069214871,0.313994493810115,3.41149514805346,0.000646076511308926,0.0465919321647761
"IGHV1-24",527.700470928517,-1.68709445874147,0.494629581908735,-3.41082401952409,0.000647668787662907,0.0465919321647761
"H3C12",8.92372191333525,2.32917014797764,0.683035392754442,3.41002848854569,0.000649560940219174,0.0465919321647761
"ABRAXAS1",420.680355806676,0.560413894874819,0.164471361911537,3.40736459138852,0.000655934455473962,0.0468645876246279
"PLCG2",947.827434123469,-0.953066113784729,0.280040163236791,-3.40331937665261,0.000665724135506825,0.0473782344718705
"TIA1",2864.43400566108,0.581804207582066,0.17109195036475,3.40053524634981,0.000672540649321875,0.0476771131906429
"LRRN3",107.862661855089,1.5972662074637,0.470264105935432,3.39653013552136,0.000682460421991221,0.0481928156134033
"SLC5A3",1860.97795671229,0.925922445251582,0.272717969057573,3.39516478672555,0.000685873056850147,0.0482468000878488
"CHORDC1_2093",1424.34032475941,0.794560314130378,0.234165077037692,3.39316316583998,0.000690904709197966,0.0484138188341452
"PLAG1",141.986166322514,1.06458495276693,0.313923130227734,3.39122813917737,0.000695801553602742,0.0485701475290742
"ZNF451",1625.09873507245,0.752643122576281,0.2220211129487,3.38996193911607,0.000699023280777103,0.0485803151874645
"LYPLA1",4547.33421388019,0.620032097198758,0.182950072249997,3.38907817621137,0.000701280141297721,0.0485803151874645
"ALG10",183.585213076615,0.840531865319233,0.248117541200445,3.3876358005668,0.000704978077208059,0.0486514984418698
"PABIR3",128.182087662998,0.697662104864489,0.206068814773115,3.38557828671275,0.000710284460687784,0.048832726751965
"GUSBP1",166.778073261728,0.663981770042859,0.196515180312347,3.37878106407611,0.00072807965497817,0.0498679820828845
"SLC10A1",14.3296514775164,1.65173612212009,0.489077677600011,3.37724700547661,0.000732152706345628,0.0499591391644606
